{"bubble-burst":{"data":{"title":"Bubble Burst","description":"Burst your way through space in Bubble Burst! Shoot all bubbles of a kind and fill your burst meter. Play this amazing bubbleshooter now!","latestUpdate":"Mon Nov 20 2017 15:34:25 GMT+0100 (CET)","layout":"game.hbs","class":"b","gamecoll":"true","thumb":"images/icons/bubble-burst.png","url":"http://html5.gamedistribution.com/405c00612981466cbc5d9dcef4214811/"}},"fun-game-play-mahjong":{"data":{"title":"Fun Game Play Mahjong","description":"Play Classic Mahjong in Fun Game Play Mahjong. Match mahjong stones and clear each of the many levels.","latestUpdate":"Mon Nov 20 2017 15:38:12 GMT+0100 (CET)","layout":"game.hbs","class":"f","gamecoll":"true","thumb":"images/icons/fun-game-play-mahjong.png","url":"http://html5.gamedistribution.com/4b4ac998ef6c43958f82bb3a9819d2f3/"}},"heroes-of-myths":{"data":{"title":"Heroes of Myths","description":"Deploy your army, choose your god and fight amongst the Heroes of Myths! Legendary heroes will help you defend against otherworldly foes!","latestUpdate":"Thu Mar 15 2018 16:26:23 GMT+0100 (CET)","layout":"game.hbs","class":"h","gamecoll":"true","thumb":"images/icons/heroes-of-myths.png","url":"http://html5.gamedistribution.com/553949bb2a284dda91b17d118b4ccb17/"}},"jelly-madness-2":{"data":{"title":"Jelly Madness 2","description":"The Jellies are back for a new jellicious match-3 adventure! Take out the Fat, Ninja, Fast and Eating Jellies. Enjoy!","publishDate":"Fri Dec 09 2016 10:52:00 GMT+0100 (CET)","latestUpdate":"Thu Mar 15 2018 16:40:54 GMT+0100 (CET)","layout":"game.hbs","class":"j","gamecoll":"true","thumb":"images/icons/jelly-madness-2.png","url":"http://html5.gamedistribution.com/015bbadfcafb4374813f8803b1737222/"}},"jewel-burst":{"data":{"title":"Jewel Burst","description":"Embark on a mission and collect jewels from the stars. Match 3 or more identical jewels. Play Jewel Burst now!","publishDate":"Tue Sep 13 2016 00:00:00 GMT+0200 (CEST)","latestUpdate":"Mon Oct 22 2018 11:51:50 GMT+0200 (CEST)","layout":"game.hbs","class":"j","gamecoll":"true","thumb":"images/icons/jewel-burst.png","url":"http://html5.gamedistribution.com/49258a0e497c42b5b5d87887f24d27a6/"}},"super-stack":{"data":{"title":"Super Stack","description":"Stack all shapes in Super Stack. A fun physics based super stacker game. Have some stacking fun!","publishDate":"Tue Jan 24 2017 11:19:00 GMT+0100 (CET)","latestUpdate":"Mon Nov 20 2017 15:41:11 GMT+0100 (CET)","layout":"game.hbs","class":"s","gamecoll":"true","thumb":"images/icons/super-stack.png","url":"http://html5.gamedistribution.com/d3cd7323dc38417c90e37f0ec4c3f548/"}},"twisted-city":{"data":{"title":"Twisted City","description":"Connect the road in Twisted City! A game inspired by Plumber Game. Rotate pieces and solve many of the challenging puzzles.","publishDate":"Tue Apr 11 2017 09:08:53 GMT+0200 (CEST)","latestUpdate":"Mon Nov 20 2017 15:41:46 GMT+0100 (CET)","layout":"game.hbs","class":"t","gamecoll":"true","thumb":"images/icons/twisted-city.png","url":"http://html5.gamedistribution.com/6984522dd6714dd8b92b5285c6bc0ceb/"}}}